ID,Type,SKU,Name,Published,"Is featured?","Visibility in catalog","Short description",Description,"Date sale price starts","Date sale price ends","Tax status","Tax class","In stock?",Stock,"Low stock amount","Backorders allowed?","Sold individually?","Weight (kg)","Length (cm)","Width (cm)","Height (cm)","Allow customer reviews?","Purchase note","Sale price","Regular price",Categories,Tags,"Shipping class",Images,"Download limit","Download expiry days",Parent,"Grouped products",Upsells,Cross-sells,"External URL","Button text",Position,"Swatches Attributes","Attribute 1 name","Attribute 1 value(s)","Attribute 1 visible","Attribute 1 global"
20847,simple,,"Collagen Meiling Porridge",1,0,visible,,,,,taxable,,1,,,0,0,,,,,1,,,10,Promotion,,,https://in-staramen.com/wp-content/uploads/2024/09/DSC08572-1-1.png,,,,,,,,,0,,,,,
20848,simple,,"Milk Bird’s Nest Porridge",1,0,visible,,,,,taxable,,1,101,,0,0,,,,,1,,,10,Promotion,,,https://in-staramen.com/wp-content/uploads/2024/09/DSC08580-1-1.png,,,,,,,,,0,,,,,
20851,simple,,"Red Bean Porridge with Tangerine Peel & Lotus Seeds",1,0,visible,,,,,taxable,,1,,,0,0,,,,,1,,,8,Promotion,,,https://in-staramen.com/wp-content/uploads/2024/09/DSC08564-1-1.png,,,,,,,,,0,,,,,
20867,simple,,"Fruit Jelly",1,0,visible,,,,,taxable,,1,,,0,0,,,,,1,,,5,Promotion,,,,,,,,,,,,0,,,,,
21107,simple,,"Mlik Bird's Nest Porridge",1,0,visible,,review,,,taxable,,1,100,,0,0,,,,,1,,,6.20,Promotion,"Healthy & Nutritious Choices",,https://in-staramen.com/wp-content/uploads/2024/09/DSC08580-1-1.png,,,,,,,,,0,,,,,
21280,simple,,"Yuzu Miso Senbei",1,0,visible,,,,,taxable,,1,,,0,0,,,,,1,,,12,Promotion,,,https://in-staramen.com/wp-content/uploads/2024/09/DSC08450-1.png,,,,,,,,,0,,,,,
21293,simple,,"LOCABO Farm Biscuits",1,0,visible,,,,,taxable,,1,,,0,0,,,,,1,,,4.7,Promotion,,,https://in-staramen.com/wp-content/uploads/2024/09/2-1.png,,,,,,,,,0,,,,,
21300,simple,,"Younger Farm Rice Crackers",1,0,visible,,,,,taxable,,1,,,0,0,,,,,1,,,4.5,Promotion,,,https://in-staramen.com/wp-content/uploads/2024/09/1-1.png,,,,,,,,,0,,,,,
21354,variable,,"LOTTE Toppo",1,0,visible,,,,,taxable,,1,,,0,0,,,,,1,,,,Chips/Nuts,"Functional Snacks",,,,,,,,,,,0,,Flavour,"Cocoa Chocolate, Strawberry, Vanilla",1,0
21355,variation,,"LOTTE Toppo - Cocoa Chocolate",1,0,visible,,"Lotte Toppo Cocoa Chocolate offers a perfect blend of crispy pretzel sticks filled with smooth, rich cocoa chocolate. Each bite delivers a satisfying crunch with a sweet, creamy chocolate center, making it an irresistible snack for any time of day. Convenient 40g pack for on-the-go enjoyment​",,,taxable,parent,1,1,,0,0,,,,,0,,,2.50,,,,,,,id:21354,,,,,,1,,Flavour,"Cocoa Chocolate",,0
21356,variation,,"LOTTE Toppo - Strawberry",1,0,visible,,"Lotte Toppo Strawberry combines crunchy pretzel sticks with a sweet, creamy strawberry chocolate filling. Perfect for those who love fruity and chocolaty snacks, each bite delivers a balance of crispiness and rich strawberry flavor. Enjoy this tasty 40g pack as an on-the-go snack",,,taxable,parent,1,1,,0,0,,,,,0,,,2.50,,,,,,,id:21354,,,,,,2,,Flavour,Strawberry,,0
21357,variation,,"LOTTE Toppo - Vanilla",1,0,visible,,"Lotte Toppo Vanilla Chocolate offers a delightful blend of crispy vanilla-flavored pretzel sticks filled with smooth, rich milk chocolate. This convenient 40g snack delivers the perfect balance of vanilla crunch and creamy chocolate filling, ideal for satisfying cravings on the go",,,taxable,parent,1,1,,0,0,,,,,0,,,2.50,,,,,,,id:21354,,,,,,3,,Flavour,Vanilla,,0
21358,variable,,"SALAD TO GO",1,0,visible,,,,,taxable,,1,,,0,0,,,,,1,,,,Chips/Nuts,,,https://in-staramen.com/wp-content/uploads/2024/09/SALAD-TO-GO-Carrot-Crackers.png,,,,,,,,,0,,Flavour,"Carrot Crackers, Granola Carrot Savory, Granola Carrot Sweet",1,0
21359,variation,,"SALAD TO GO - Carrot Crackers",1,0,visible,,"SALAD TO GO Carrot Crackers offer a tasty and wholesome snack packed with vitamins, fiber, and natural ingredients like oats, carrots, and seeds. These gluten-free, vegan crackers are perfect for satisfying cravings while delivering a nutrient-rich, crunchy bite​",,,taxable,parent,1,1,,0,0,,,,,0,,,5,,,,https://in-staramen.com/wp-content/uploads/2024/09/SALAD-TO-GO-Carrot-Crackers.png,,,id:21358,,,,,,1,,Flavour,"Carrot Crackers",,0
21360,variation,,"SALAD TO GO - Granola Carrot Savory",1,0,visible,,"SALAD TO GO's Carrot Savory Granola is a nutrient-rich, savory snack featuring organic carrots, sesame seeds, and sake lees. Packed with fiber and enhanced by fragrant Japanese pepper, this crunchy granola is perfect for a non-sweet, wholesome snack",,,taxable,parent,1,1,,0,0,,,,,0,,,7,,,,,,,id:21358,,,,,,2,,Flavour,"Granola Carrot Savory",,0
21361,variation,,"SALAD TO GO - Granola Carrot Sweet",1,0,visible,,"SALAD TO GO Granola Carrot Sweet blends organic carrots, pumpkin seeds, raisins, and warming spices like ginger and cinnamon. This nutrient-packed, fiber-rich granola offers a natural sweetness, perfect for a healthy snack or topping for yogurt",,,taxable,parent,1,1,,0,0,,,,,0,,,7,,,,https://in-staramen.com/wp-content/uploads/2024/09/SALAD-TO-GO-Carrot-Crackers-1.png,,,id:21358,,,,,,3,,Flavour,"Granola Carrot Sweet",,0
21362,variable,,"Mini Rice Cracker",1,0,visible,,,,,taxable,,1,,,0,0,,,,,1,,,,Chips/Nuts,,,"https://in-staramen.com/wp-content/uploads/2024/09/Mini-Rice-cracker-Devil-Spicy.png, https://in-staramen.com/wp-content/uploads/2024/09/Mini-Rice-cracker-Devil-Spicy-BACK.png",,,,,,,,,0,,Flavour,"Devil Spicy, Double Cheese, Sour Cream & Onion, Tomato Splash, Truffle Mushroom, Wagyu Steak, Hot&Spicy Mala, Salted Egg, Wasabi Seaweed",1,0
21363,variation,,"Mini Rice Cracker - Devil Spicy",1,0,visible,,"Younger Farm's Devil Spicy Mini Rice Crackers are made with glutinous rice, seasoned with chili, garlic, and white pepper. These crunchy, fiery snacks pack a punch of flavor, perfect for spice lovers. Enjoy the intense heat and bold flavors in every bite",,,taxable,parent,1,1,,0,0,,,,,0,,,3.80,,,,"https://in-staramen.com/wp-content/uploads/2024/09/Mini-Rice-cracker-Devil-Spicy.png, https://in-staramen.com/wp-content/uploads/2024/09/Mini-Rice-cracker-Devil-Spicy-BACK.png",,,id:21362,,,,,,1,,Flavour,"Devil Spicy",,0
21364,variation,,"Mini Rice Cracker - Double Cheese",1,0,visible,,"Younger Farm Mini Rice Crackers Double Cheese Flavor offers a crunchy, gluten-free snack made from sticky rice and real cheese powder. With a rich, savory double cheese taste, these crackers deliver a satisfying bite for cheese lovers. Perfect for snacking anytime",,,taxable,parent,1,1,,0,0,,,,,0,,,3.80,,,,"https://in-staramen.com/wp-content/uploads/2024/09/Mini-Rice-cracker-Double-Cheese-.png, https://in-staramen.com/wp-content/uploads/2024/09/Mini-Rice-cracker-Double-Cheese-BACK.png",,,id:21362,,,,,,2,,Flavour,"Double Cheese",,0
21365,variation,,"Mini Rice Cracker - Sour Cream & Onion",1,0,visible,,"Younger Farm Mini Rice Crackers in Sour Cream & Onion flavor combine crunchy Thai sticky rice with a zesty seasoning of onion, sour cream, and parsley flakes. These gluten-free crackers are perfect for snacking, delivering a savory punch in every bite",,,taxable,parent,1,1,,0,0,,,,,0,,,3.80,,,,"https://in-staramen.com/wp-content/uploads/2024/09/Mini-Rice-cracker-Sour-cream-oninon.png, https://in-staramen.com/wp-content/uploads/2024/09/Mini-Rice-cracker-Sour-cream-onion-BACK.png",,,id:21362,,,,,,3,,Flavour,"Sour Cream & Onion",,0
21366,variation,,"Mini Rice Cracker - Tomato Splash",1,0,visible,,"Younger Farm Mini Rice Crackers in Tomato Splash flavor offer a tangy and savory snack made from Thai sticky rice. Seasoned with tomato and onion powders, these gluten-free crackers deliver a zesty burst of flavor in every crunchy bite, perfect for a quick, satisfying snack",,,taxable,parent,1,1,,0,0,,,,,0,,,3.80,,,,"https://in-staramen.com/wp-content/uploads/2024/09/Mini-Rice-cracker-Tomato-Splash.png, https://in-staramen.com/wp-content/uploads/2024/09/Mini-Rice-cracker-Tomato-splash-BACK.png",,,id:21362,,,,,,4,,Flavour,"Tomato Splash",,0
21367,variation,,"Mini Rice Cracker - Truffle Mushroom",1,0,visible,,"Younger Farm's Mini Rice Crackers in Truffle Mushroom flavor offer a luxurious, earthy blend of truffle and mushroom seasonings on crispy rice crackers. Made from 76% sticky rice, these gluten-free snacks deliver a gourmet experience in every bite. Perfect for indulgent snacking",,,taxable,parent,1,1,,0,0,,,,,0,,,3.80,,,,"https://in-staramen.com/wp-content/uploads/2024/09/Mini-Rice-cracker-Truffle-Mushroom-min.png, https://in-staramen.com/wp-content/uploads/2024/09/Mini-Rice-cracker-Truffle-Mushroom-BACK-min.png",,,id:21362,,,,,,5,,Flavour,"Truffle Mushroom",,0
21368,variation,,"Mini Rice Cracker - Wagyu Steak",1,0,visible,,"Younger Farm Mini Rice Crackers Wagyu Steak flavor combines crispy rice with a bold, savory Wagyu steak seasoning. Made with 76% sticky rice and a blend of spices like garlic, onion, and soy sauce, these gluten-free crackers offer a gourmet snacking experience in every bite",,,taxable,parent,1,1,,0,0,,,,,0,,,3.80,,,,"https://in-staramen.com/wp-content/uploads/2024/09/Mini-Rice-cracker-Wagyu-Steak.png, https://in-staramen.com/wp-content/uploads/2024/09/Mini-Rice-cracker-Wagyu-Steak-BACK.png",,,id:21362,,,,,,6,,Flavour,"Wagyu Steak",,0
21369,variation,,"Mini Rice Cracker - Hot&Spicy Mala",1,0,visible,,"Younger Farm Mini Rice Crackers Hot & Spicy Mala deliver a tantalizing crunch with the bold, numbing heat of Sichuan Mala spices. Made from 100% Thai sticky rice, these gluten-free, non-greasy crackers pack a punch with each bite, perfect for spicy snack enthusiasts",,,taxable,parent,1,1,,0,0,,,,,0,,,3.80,,,,"https://in-staramen.com/wp-content/uploads/2024/09/Mini-rice-crackers-Hotspicy-mala-min.png, https://in-staramen.com/wp-content/uploads/2024/09/Mini-Rice-cracker-hot-spicy-mala-BACK-min-1.png",,,id:21362,,,,,,7,,Flavour,"Hot&Spicy Mala",,0
21370,variation,,"Mini Rice Cracker - Salted Egg",1,0,visible,,"Younger Farm Mini Rice Crackers in Salted Egg flavor combine crispy Thai sticky rice with a savory, rich salted egg seasoning. These gluten-free, non-greasy crackers deliver a bold flavor punch, perfect for satisfying cravings any time of day. A great snack for on-the-go",,,taxable,parent,1,1,,0,0,,,,,0,,,3.80,,,,"https://in-staramen.com/wp-content/uploads/2024/09/Mini-Rice-cracker-Wasabi-Seaweed.png, https://in-staramen.com/wp-content/uploads/2024/09/Mini-Rice-cracker-Wasabi-Seaweed-BACK.png",,,id:21362,,,,,,8,,Flavour,"Salted Egg",,0
21371,variation,,"Mini Rice Cracker - Wasabi Seaweed",1,0,visible,,"Younger Farm Mini Rice Crackers Wasabi Seaweed flavor brings a satisfying crunch with the bold, spicy heat of wasabi and the umami richness of seaweed. These gluten-free crackers, made from sticky rice, offer an exciting snack for fans of savory, spicy flavors​",,,taxable,parent,1,1,,0,0,,,,,0,,,3.80,,,,,,,id:21362,,,,,,9,,Flavour,"Wasabi Seaweed",,0
21372,variable,,"GRANOVIBES Ve-Pro-Bar",1,0,visible,,,,,taxable,,1,,,0,0,,,,,1,,,,Cookies,,,,,,,,,,,,0,,Flavour,"Chocolate, Matcha, Mixed Fruits",1,0
21373,variation,,"GRANOVIBES Ve-Pro-Bar - Chocolate",1,0,visible,,"Granovibes Ve-Pro-Bar Chocolate is a vegan protein bar made from soy protein, oats, and dark chocolate. It offers 12g of protein per bar, ideal for muscle recovery or a nutritious snack. This guilt-free, low-sugar option includes cashews and seeds, delivering a delicious chocolatey treat​",,,taxable,parent,1,1,,0,0,,,,,0,,,1.50,,,,,,,id:21372,,,,,,1,,Flavour,Chocolate,,0
21374,variation,,"GRANOVIBES Ve-Pro-Bar - Matcha",1,0,visible,,"Granovibes Ve-Pro-Bar Matcha is a vegan protein bar made with soy protein, oats, and real matcha powder. It contains 13g of protein, no added sugar or oil, and is rich in antioxidants. This nutritious bar is perfect for muscle recovery or an energizing snack to fuel your day",,,taxable,parent,1,1,,0,0,,,,,0,,,1.50,,,,,,,id:21372,,,,,,2,,Flavour,Matcha,,0
21375,variation,,"GRANOVIBES Ve-Pro-Bar - Mixed Fruits",1,0,visible,,"Granovibes Ve-Pro-Bar Mixed Fruits is a vegan protein bar packed with soy protein, oats, dried fruits like strawberries and mangoes, and seeds. With 11g of protein, it provides sustained energy, perfect for pre- or post-workout recovery. No added sugar, oil, or artificial flavors​",,,taxable,parent,1,1,,0,0,,,,,0,,,1.50,,,,,,,id:21372,,,,,,3,,Flavour,"Mixed Fruits",,0
21376,variable,,LOCABO,1,0,visible,,,,,taxable,,1,,,0,0,,,,,1,,,,Cookies,,,"https://in-staramen.com/wp-content/uploads/2024/09/LOCABO-Farm-biscuit-Soy-milk-min.png, https://in-staramen.com/wp-content/uploads/2024/09/LOCABO-Farm-biscuit-Soy-milk-BACK-min.png",,,,,,,,,0,,Flavour,"Chocolate Cookie, Raisin Sandwich Cookie, Farm Biscuit (Soy Milk), Farm Cocoa Biscuit, Farm Tea Biscuit",1,0
21377,variation,,"LOCABO - Chocolate Cookie",1,0,visible,,"LOCABO Chocolate Cookies feature 7 mini packs, each filled with low-sugar cookies made from almond flour. With only 1g of sugar per cookie and rich cacao flavor, these are the perfect guilt-free treat for anyone watching their sugar intake while still craving indulgence​",,,taxable,parent,1,1,,0,0,,,,,0,,,8,,,,,,,id:21376,,,,,,1,,Flavour,"Chocolate Cookie",,0
21378,variation,,"LOCABO - Raisin Sandwich Cookie",1,0,visible,,"LOCABO Raisin Sandwich Cookies offer a healthy indulgence with almond flour and reduced sugar. Each bite combines juicy raisins and a smooth cream filling, delivering a naturally sweet flavor in every low-carb, guilt-free bite—perfect for a wholesome snack",,,taxable,parent,1,1,,0,0,,,,,0,,,8,,,,,,,id:21376,,,,,,2,,Flavour,"Raisin Sandwich Cookie",,0
21379,variation,,"LOCABO - Farm Biscuit (Soy Milk)",1,0,visible,,"LOCABO Farm Soy Milk Biscuits are a plant-based, low-sugar snack, with less than 10g of carbohydrates per serving. Made with soy milk and free from animal products, they offer a crispy texture and mild sweetness. A perfect guilt-free treat for health-conscious individuals​",,,taxable,parent,1,1,,0,0,,,,,0,,,3.80,,,,"https://in-staramen.com/wp-content/uploads/2024/09/LOCABO-Farm-biscuit-Soy-milk-min.png, https://in-staramen.com/wp-content/uploads/2024/09/LOCABO-Farm-biscuit-Soy-milk-BACK-min.png",,,id:21376,,,,,,3,,Flavour,"Farm Biscuit (Soy Milk)",,0
21380,variation,,"LOCABO - Farm Cocoa Biscuit",1,0,visible,,"LOCABO Farm Cocoa Biscuits are a healthy, plant-based snack with less than 10g of carbohydrates per serving. Made with natural cocoa and free from animal products, these biscuits offer a rich, chocolatey flavor perfect for those seeking a low-sugar indulgence without guilt​",,,taxable,parent,1,1,,0,0,,,,,0,,,3.80,,,,"https://in-staramen.com/wp-content/uploads/2024/09/LOCABO-Farm-cocoa-biscuit-min.png, https://in-staramen.com/wp-content/uploads/2024/09/LOCABO-Farm-cocoa-biscuit-BACK-min.png",,,id:21376,,,,,,4,,Flavour,"Farm Cocoa Biscuit",,0
21381,variation,,"LOCABO - Farm Tea Biscuit",1,0,visible,,"LOCABO Farm Tea Biscuits are a perfect guilt-free snack made from plant-based ingredients with less than 10g of carbohydrates per serving. Enjoy the delicate, aromatic tea flavor in each crisp bite, ideal for health-conscious snackers looking for a low-sugar treat",,,taxable,parent,1,1,,0,0,,,,,0,,,3.80,,,,"https://in-staramen.com/wp-content/uploads/2024/09/LOCABO-Farm-Tea-biscuit.png, https://in-staramen.com/wp-content/uploads/2024/09/LOCABO-Farm-Tea-biscuit-BACK.png",,,id:21376,,,,,,5,,Flavour,"Farm Tea Biscuit",,0
21382,variable,,"Japanese Rice Crackers",1,0,visible,,,,,taxable,,1,1,,0,0,,,,,1,,,,Cookies,"Functional Snacks",,https://in-staramen.com/wp-content/uploads/2024/09/Rice-Cracker.png,,,,,,,,,0,,Flavour,"Kishu Ume Flavor, Soy Sauce, Spicy Flavor, Yuzu Pepper Flavor",1,0
21383,variation,,"Japanese Rice Crackers - Kishu Ume Flavor",1,0,visible,,"These Kishu Ume-flavored rice crackers offer a delightful balance of tangy ume plum and savory soy sauce. Made with high-quality Kishu plums and paired with peanuts, this crunchy snack is perfect for a unique, flavorful bite, great with tea or as a party snack",,,taxable,parent,1,100,,0,0,,,,,0,,,3,,,,https://in-staramen.com/wp-content/uploads/2024/09/Kishu-Ume-Flavor-Rice-Cracker.png,,,id:21382,,,,,,1,,Flavour,"Kishu Ume Flavor",,0
21384,variation,,"Japanese Rice Crackers - Soy Sauce",1,0,visible,,"These soy sauce rice crackers are a classic Japanese snack, offering a crispy texture and deep umami flavor from the savory soy sauce seasoning. Perfect for snacking with tea or pairing with a light drink, these crackers bring a satisfying crunch and rich taste in every bite",,,taxable,parent,1,1,,0,0,,,,,0,,,3,,,,,,,id:21382,,,,,,2,,Flavour,"Soy Sauce",,0
21385,variation,,"Japanese Rice Crackers - Spicy Flavor",1,0,visible,,"These spicy rice crackers offer a crunchy, savory experience with a bold mix of flavors, including chili pepper for that extra kick. Perfect for those who love heat, these snacks are ideal for enjoying with a cold drink or on their own for a fiery bite​",,,taxable,parent,1,1,,0,0,,,,,0,,,3,,,,,,,id:21382,,,,,,3,,Flavour,"Spicy Flavor",,0
21386,variation,,"Japanese Rice Crackers - Yuzu Pepper Flavor",1,0,visible,,"These Yuzu Pepper Rice Crackers blend the citrusy zing of yuzu with a spicy kick of green chili pepper. The crisp texture and savory soy sauce seasoning make each bite bold and flavorful. Perfect for a light yet zesty snack with a Japanese twist",,,taxable,parent,1,1,,0,0,,,,,0,,,3,,,,,,,id:21382,,,,,,4,,Flavour,"Yuzu Pepper Flavor",,0
21387,variable,,"Petit Croissant",1,0,visible,,,,,taxable,,1,100,,0,0,,,,,1,,,,"Cakes/ Croissant",,,"https://in-staramen.com/wp-content/uploads/2024/09/Petit-Crossiant-Chocolate-min.png, https://in-staramen.com/wp-content/uploads/2024/09/Petit-Crossiant-Chocolate-BACK-min.png",,,,,,,,,0,,Flavour,"Chocolate, Sugar",1,0
21388,variation,,"Petit Croissant - Chocolate",1,0,visible,,"Enjoy the buttery layers of these petite croissants, filled with smooth, rich chocolate. Each bite delivers a perfect balance of crispy pastry and creamy chocolate filling. Ideal for breakfast or a snack, these croissants come in a convenient pack for easy indulgence anywhere​",,,taxable,parent,1,1,,0,0,,,,,0,,,2.60,,,,"https://in-staramen.com/wp-content/uploads/2024/09/Petit-Crossiant-Chocolate-min.png, https://in-staramen.com/wp-content/uploads/2024/09/Petit-Crossiant-Chocolate-BACK-min.png",,,id:21387,,,,,,1,,Flavour,Chocolate,,0
21389,variation,,"Petit Croissant - Sugar",1,0,visible,,"These Petit Sugar Croissants offer flaky layers of buttery pastry, lightly dusted with sugar for a perfect sweet finish. Ideal for breakfast, snacks, or dessert, they bring a satisfying crunch and sweetness to any moment. Enjoy them fresh or pair with coffee for a delightful treat​",,,taxable,parent,1,1,,0,0,,,,,0,,,2.60,,,,"https://in-staramen.com/wp-content/uploads/2024/09/Petit-Crossiant-Sugar-min.png, https://in-staramen.com/wp-content/uploads/2024/09/Petit-Crossiant-Sugar.-BACK-min.png",,,id:21387,,,,,,2,,Flavour,Sugar,,0
21390,variation,,"Petit Croissant - Caramel",1,0,visible,,"Mini Croissant SOU Caramel offers buttery, flaky layers filled with smooth caramel. Each bite delivers a perfect balance of crisp pastry and rich, creamy sweetness. Ideal for breakfast or dessert, these mini treats are perfect for any indulgent moment​",,,taxable,parent,1,1,,0,0,,,,,0,,,2.60,,,,,,,id:21387,,,,,,3,,Flavour,Caramel,,0
21394,variable,,"Hokkaido Pudding",1,0,visible,,,,,taxable,,1,100,,0,0,,,,,1,,,,"Dessert/ Jelly",,,"https://in-staramen.com/wp-content/uploads/2024/09/Hokkaido-Custard-Pudding-min.png, https://in-staramen.com/wp-content/uploads/2024/09/Hokkaido-custard-pudding-2-min.png",,,,,,,,,0,,Flavour,"Custard Pudding, Milk Pudding, Pumpkin Pudding, Original, Peach, Original, Peach, Plum, Yuzu, Kumquat, Pomegrante, Summer Black Grape, Plum, Yuzu, Kumquat, Pomegrante, Summer Black Grape, Apple, Colorful, Lemon, Apple, Colorful, Lemon, Iso Goro Umashiri Shichimi, Maximum Sticks, Prinkle, Smoked Truffle Fries, Tamaruya Salted Wasabi, Iso Goro Umashiri Shichimi, Maximum Sticks, Prinkle, Smoked Truffle Fries, Tamaruya Salted Wasabi, Red Bean Porridge With Tangerine Peel & Lotus Seeds, Collagen Meiling Porridge, Milk Bird's Nest Porridge, Stewed Pear With White Fungus, Red Bean Porridge With Tangerine Peel & Lotus Seeds, Collagen Meiling Porridge, Milk Bird's Nest Porridge, Stewed Pear With White Fungus, Yubari Melon Jelly",1,0
21395,variation,,"Hokkaido Pudding - Custard Pudding",1,0,visible,,"Tanaka Seian Hokkaido Custard Pudding is crafted from Hokkaido's finest milk and domestically sourced eggs. This soft, creamy dessert melts in your mouth, offering a delightful balance of sweetness without preservatives. Ideal for a quick treat, it is shelf-stable and can be stored at room temperature​",,,taxable,parent,1,1,,0,0,,,,,0,,,3,,,,"https://in-staramen.com/wp-content/uploads/2024/09/Hokkaido-Custard-Pudding-min.png, https://in-staramen.com/wp-content/uploads/2024/09/Hokkaido-custard-pudding-2-min.png",,,id:21394,,,,,,1,,Flavour,"Custard Pudding",,0
21396,variation,,"Hokkaido Pudding - Milk Pudding",1,0,visible,,"Tanaka Seian Hokkaido Milk Pudding is crafted from fresh Hokkaido milk, offering a smooth, creamy texture with a rich flavor. This premium dessert melts in your mouth and is made without synthetic preservatives. Ideal for enjoying a light, indulgent treat anytime​",,,taxable,parent,1,1,,0,0,,,,,0,,,3,,,,"https://in-staramen.com/wp-content/uploads/2024/09/Hokkaido-milk-pudding-2.png, https://in-staramen.com/wp-content/uploads/2024/09/Hokkaido-Milk-Pudding.png",,,id:21394,,,,,,2,,Flavour,"Milk Pudding",,0
21397,variation,,"Hokkaido Pudding - Pumpkin Pudding",1,0,visible,,"Indulge in this creamy Hokkaido Pumpkin Pudding, made with rich kabocha pumpkin and Hokkaido milk. Its smooth texture, sweet flavor, and subtle caramel finish create the perfect guilt-free dessert, low in calories yet full of taste",,,taxable,parent,1,1,,0,0,,,,,0,,,3,,,,"https://in-staramen.com/wp-content/uploads/2024/09/Hokkaido-pumpkin-pudding-1.png, https://in-staramen.com/wp-content/uploads/2024/09/Hokkaido-pumpkin-pudding.png",,,id:21394,,,,,,3,,Flavour,"Pumpkin Pudding",,0
21398,variable,,"Pao Xiao Yan Bird's Nest Collagen",1,0,visible,,,,,taxable,,1,200,,0,0,,,,,1,,,,"Dessert/ Jelly",,,https://in-staramen.com/wp-content/uploads/2024/09/52.-Pao-XiaoYan-Birds-Nest-Collagen-Original-1.png,,,,,,,,,0,,Flavour,"Original, Peach",1,0
21399,variation,,"Pao Xiao Yan Bird's Nest Collagen - Original",1,0,visible,,"Pao Xiao Yan Bird's Nest Collagen drink combines premium bird's nest with collagen to promote skin elasticity, hydration, and anti-aging benefits. This nutritious drink supports immune function and is ideal for daily consumption to enhance your skin's radiance and overall health.",,,taxable,parent,1,1,,0,0,,,,,0,,,5,,,,https://in-staramen.com/wp-content/uploads/2024/09/52.-Pao-XiaoYan-Birds-Nest-Collagen-Original.webp,,,id:21398,,,,,,1,,Flavour,Original,,0
21400,variation,,"Pao Xiao Yan Bird's Nest Collagen - Peach",1,0,visible,,"Pao Xiao Yan Bird's Nest Collagen (Peach) offers a refreshing blend of premium bird's nest and collagen with a natural peach flavor. This nourishing drink enhances skin hydration, promotes elasticity, and supports overall well-being. Ideal for daily consumption to boost beauty from within.",,,taxable,parent,1,1,,0,0,,,,,0,,,5,,,,https://in-staramen.com/wp-content/uploads/2024/09/52.-Pao-XiaoYan-Birds-Nest-Collagen-Peach-1.png,,,id:21398,,,,,,2,,Flavour,Peach,,0
21401,variable,,"果子熟了 Oolong Series",1,0,visible,,,,,taxable,,1,100,,0,0,,,,,1,,,,Drinks,"Beverage For Every Occasion",,https://in-staramen.com/wp-content/uploads/2024/09/Plum-Oolong-min.png,,,,,,,,,0,,Flavour,"Plum, Yuzu, Kumquat, Pomegrante, Summer Black Grape",1,0
21402,variation,,"果子熟了 Oolong Series - Plum",1,0,visible,,"Indulge in the refreshing blend of oolong tea and real plum juice. This Plum Oolong Tea offers a balance of smooth tea and tart plum, creating a subtly sweet, fragrant beverage that’s low in sugar, perfect for any occasion",,,taxable,parent,0,0,,0,0,,,,,0,,,3.20,,,,https://in-staramen.com/wp-content/uploads/2024/09/Plum-Oolong-min.png,,,id:21401,,,,,,1,,Flavour,Plum,,0
21403,variation,,"果子熟了 Oolong Series - Yuzu",1,0,visible,,"Experience the perfect balance of citrusy yuzu and rich oolong in this refreshing tea. With real yuzu juice and smooth oolong, it's a deliciously aromatic drink, perfect for any occasion. Low in sugar and calories, it's a light yet flavorful treat",,,taxable,parent,1,1,,0,0,,,,,0,,,3.20,,,,https://in-staramen.com/wp-content/uploads/2024/09/Yuzu-Oolong-min.png,,,id:21401,,,,,,2,,Flavour,Yuzu,,0
21404,variation,,"果子熟了 Oolong Series - Kumquat",1,0,visible,,"Enjoy the refreshing blend of kumquat and oolong tea in this vibrant drink. The tart citrus of real kumquat juice pairs perfectly with the smoothness of oolong, creating a balanced and thirst-quenching beverage that’s low in sugar and full of natural flavor​",,,taxable,parent,1,1,,0,0,,,,,0,,,3.20,,,,,,,id:21401,,,,,,3,,Flavour,Kumquat,,0
21405,variation,,"果子熟了 Oolong Series - Pomegrante",1,0,visible,,"Enjoy the fruity blend of tangy pomegranate and smooth oolong tea. This tea offers a luscious flavor balance with a toasty aroma. Rich in antioxidants and perfect served hot or iced, it's a refreshing and health-conscious choice for any time of day",,,taxable,parent,1,1,,0,0,,,,,0,,,3.20,,,,https://in-staramen.com/wp-content/uploads/2024/09/Promogrenate-oolong-min.png,,,id:21401,,,,,,4,,Flavour,Pomegrante,,0
21406,variation,,"果子熟了 Oolong Series - Summer Black Grape",1,0,visible,,"Enjoy the perfect mix of juicy black grapes and rich oolong tea. This Summer Black Grape Oolong offers a fruity, fragrant flavor that’s low in sugar and bursting with natural grape juice, making it a refreshing and healthy beverage for any occasion​",,,taxable,parent,0,0,,0,0,,,,,0,,,3.20,,,,,,,id:21401,,,,,,5,,Flavour,"Summer Black Grape",,0
21422,simple,,"Hokkaido Yubari Melon Jelly",1,0,visible,"Soft, juicy Yubari melon jelly with rich flavor, perfect for any sweet craving.","Indulge in the luxurious taste of Hokkaido’s prized Yubari melon with this soft, aromatic jelly. Crafted with real melon juice, it offers a burst of sweetness and fragrance. Ideal for snacks or gifting, it’s a refreshing treat for all ages, from children to seniors​",,,taxable,,1,100,,0,0,,,,,1,,,3.50,"Dessert/ Jelly","Healthy Indulgences",,https://in-staramen.com/wp-content/uploads/2024/09/Hokkaido-Yubari-Melon-Jelly-min.png,,,,,,,,,4,,Flavour,"Yubari Melon Jelly",1,0
21423,simple,,"Yubari Melon Jelly EST",1,0,visible,"Succulent Yubari melon jelly with a soft texture, perfect for gifting or snacking.","Indulge in the rich aroma and sweetness of Yubari melon with this jelly by Hokushin Foods. Made with real melon juice from Hokkaido, its soft, refreshing texture is ideal for all ages. A luxurious treat, perfect for snacking or gifting, capturing the essence of Japan’s finest fruit​",,,taxable,,1,100,,0,0,,,,,1,,,6,"Dessert/ Jelly","Healthy Indulgences",,https://in-staramen.com/wp-content/uploads/2024/09/VideoCapture_20241007-222502.jpg,,,,,,,,,0,,,,,
21424,simple,,"Bite-sized Agar Jelly Lemon",1,0,visible,"Refreshing bite-sized lemon agar jelly, offering a light, tangy treat for all ages.","Tsukimido's bite-sized lemon agar jellies are a delightful, refreshing treat. Made with agar, a plant-based gelatin, these jellies have a smooth, firm texture and a bright lemon flavor. Perfect for those seeking a light, low-calorie dessert that’s both vegan-friendly and bursting with citrus",,,taxable,,1,100,,0,0,,,,,1,,,3,"Dessert/ Jelly","Healthy Indulgences",,https://in-staramen.com/wp-content/uploads/2024/09/37.-2038404-Bite-sized-Agar-Jelly-Lemon-1.png,,,,,,,,,0,,,,,
21425,simple,,"Drink Setouchi Shiranui Jelly",1,0,visible,"Refreshing drinkable jelly made from Setouchi Shiranui citrus, perfect on-the-go","Enjoy the vibrant taste of Setouchi Shiranui citrus in a convenient drinkable jelly form. This refreshing treat combines the sweet, tangy flavor of Shiranui oranges with a smooth jelly texture, making it a delightful and hydrating snack for any occasion",,,taxable,,1,98,,0,0,,,,,1,,,4,"Dessert/ Jelly","Healthy Indulgences",,"https://in-staramen.com/wp-content/uploads/2024/09/Drink-setouchi-shiranui-Jelly.png, https://in-staramen.com/wp-content/uploads/2024/09/Drink-setouchi-shiranui-Jelly-BACK.png",,,,,,,,,0,,,,,
21426,simple,,"Slat Konnyaku Jelly Grape",1,0,visible,"Guilt-free grape-flavored konnyaku jelly, offering a refreshing low-calorie treat","Enjoy the refreshing burst of grape flavor with Slat Konnyaku Jelly. Made from konnyaku, a plant-based gelatin, this jelly is low in calories and contains real fruit juice, offering a chewy, satisfying snack. Ideal for those seeking a healthy, vegan-friendly treat​",,,taxable,,1,100,,0,0,,,,,1,,,3,"Dessert/ Jelly","Healthy Indulgences",,https://in-staramen.com/wp-content/uploads/2024/09/35.-24011627-Slat-Konnyaku-Jelly-Grape-1.png,,,,,,,,,0,,,,,
21427,simple,,"Slatte Konjac Jelly Apple",1,0,visible,"Delicious apple-flavored konjac jelly, low-calorie and perfect for healthy snacking","Enjoy the sweet and refreshing taste of apple with Slatte Konjac Jelly. This plant-based jelly is low in calories, sugar-free, and rich in dietary fiber, making it an ideal snack for weight management and digestive health. It's vegan, gluten-free, and perfect for guilt-free indulgence",,,taxable,,1,98,,0,0,,,,,1,,,3,"Dessert/ Jelly","Healthy Indulgences",,https://in-staramen.com/wp-content/uploads/2024/09/34.-24230033-Slatte-konjac-jelly-apple-1.png,,,,,,,,,0,,,,,
21428,simple,,"Crunch Chocolate (Yuzu Ginger)",1,0,visible,"Deliciously crunchy chocolate infused with bold ginger and zesty yuzu citrus.","Enjoy the unique blend of tangy yuzu and warm ginger in Seiwa Foods' Crunch Chocolate. Each bite combines the smoothness of chocolate with a vibrant citrus kick and a spicy ginger twist, offering a refreshing and bold flavor experience. Perfect for snacking or gifting​",,,taxable,,1,,,0,0,,,,,1,,,7.50,Sweets,"Functional Snacks",,"https://in-staramen.com/wp-content/uploads/2024/09/Crunch-Chocolate-Yuzu-Ginger-1-1.png, https://in-staramen.com/wp-content/uploads/2024/09/Crunch-Chocolate-Yuzu-Ginger-3.png, https://in-staramen.com/wp-content/uploads/2024/09/Crunch-Chocolate-Yuzu-Ginger2-1.png",,,,,,,,,0,,,,,
21429,simple,,"IBARA KISS Strawberry Gummies",1,0,visible,"Chewy strawberry gummies made with Ibara Kiss strawberries, offering sweet-tart flavor.","Experience the burst of natural sweetness with IBARA KISS Strawberry Gummies, made from Ibaraki’s prized Ibara Kiss strawberries. These chewy treats balance sweetness with a hint of tartness, capturing the authentic flavor of fresh strawberries in every bite. Perfect for on-the-go snacking​",,,taxable,,1,100,,0,0,,,,,1,,,3,Sweets,"Functional Snacks",,https://in-staramen.com/wp-content/uploads/2024/09/6.-9000001-IBARA-KISS-strawberry-gummies-1.png,,,,,,,,,0,,,,,
21430,simple,,"MK Vitamin Gummy - Kyoho Grape 24g",1,0,visible,"Delicious Kyoho grape-flavored gummies packed with vitamins for antioxidant support","MK Vitamin Gummy Kyoho Grape offers a chewy and flavorful experience, rich in vitamins and calcium for bone and teeth health. With its unique Kyoho grape flavor, this gummy is a tasty and healthy snack for all ages, promoting overall wellness",,,taxable,,1,99,,0,0,,,,,1,,,2,Sweets,"Functional Snacks",,https://in-staramen.com/wp-content/uploads/2024/09/23.MK-Vitamin-Gummy-Kyoho-Grape-24g-1.png,,,,,,,,,0,,,,,
21431,simple,,"Lotus Drumstick Biscuit Hot And Spicy",1,0,visible,"Spicy, chicken-flavored biscuits shaped like drumsticks, offering a bold, crispy bite.","These crispy, chicken-shaped biscuits from Dorkbua Lotus pack a punch with their hot and spicy seasoning. Perfect for snack lovers, each bite delivers a fiery kick, balanced with savory flavors. Enjoy this fun and flavorful Thai snack anytime​",,,taxable,,1,19,,0,0,,,,,1,,,2.50,Promotion,"Functional Snacks",,"https://in-staramen.com/wp-content/uploads/2024/09/Lotus-Drumstick-Biscuit-hotspicy.png, https://in-staramen.com/wp-content/uploads/2024/09/Lotus-Drumstick-Biscuit-hotspicy-BACK-1.png",,,,,,,,,0,,,,,
21432,simple,,"YuzuMisoSebei (SteamRiceC.W.S.SoybeanP)",1,0,visible,"Delight in crisp rice crackers with tangy yuzu miso, offering a sweet-savory taste.","These Yuzu-Miso Rice Crackers by Dondoyaki Honpo balance the zesty freshness of yuzu with the rich umami of miso, all atop a crunchy, glutinous rice base. A perfect snack with a unique flavor blend, it's a must-try for lovers of traditional Japanese treats​",,,taxable,,1,150,,notify,0,,,,,1,,8,12,Promotion,"Functional Snacks",,https://in-staramen.com/wp-content/uploads/2024/09/Yuzu-Miso-Senbai.png,,,,,,,,,0,,,,,
21434,variable,,"职场达人 Superfood",1,0,visible,,,,,taxable,,1,,,0,0,,,,,1,,,,"Beauty & Meal Replacement","Superfood & Functional Enhancements",,https://in-staramen.com/wp-content/uploads/2024/09/Red-bean-porridge-with-tangerine-peel-lotus-seeds.png,,,,,,,,,0,,Flavour,"Red Bean Porridge With Tangerine Peel & Lotus Seeds, Collagen Meiling Porridge, Milk Bird's Nest Porridge, Stewed Pear With White Fungus",1,0
21437,variation,,"职场达人 Superfood - Red Bean Porridge With Tangerine Peel & Lotus Seeds",1,0,visible,,"Enjoy the nourishing flavors of 值场达人 Red Bean Porridge. This wholesome dessert combines the earthy richness of red beans with aromatic tangerine peel and soft lotus seeds. It's a comforting, sweet dish packed with fiber and antioxidants, perfect for a soothing snack or dessert​",,,taxable,parent,1,,,0,0,,,,,0,,,5,,,,https://in-staramen.com/wp-content/uploads/2024/09/Red-bean-porridge-with-tangerine-peel-lotus-seeds.png,,,id:21434,,,,,,1,,Flavour,"Red Bean Porridge With Tangerine Peel & Lotus Seeds",,0
21438,variation,,"职场达人 Superfood - Collagen Meiling Porridge",1,0,visible,,"Collagen Meiling Porridge offers a creamy blend of rice, yam, and soy milk, enhanced with collagen to promote skin health. This traditional dish, popular for its smooth texture and nourishing properties, includes red dates and wolfberries for added sweetness and vitality​",,,taxable,parent,1,,,0,0,,,,,0,,,6.20,,,,https://in-staramen.com/wp-content/uploads/2024/09/Collagen-Meiling-Porridge.png,,,id:21434,,,,,,2,,Flavour,"Collagen Meiling Porridge",,0
21439,variation,,"职场达人 Superfood - Milk Bird's Nest Porridge",1,0,visible,,"Milk Bird's Nest Porridge combines the rich texture of bird's nest with creamy milk to create a nourishing and smooth dish. Packed with essential amino acids, it promotes skin health and boosts vitality. A luxurious, health-boosting treat for any time of day",,,taxable,parent,1,,,0,0,,,,,0,,,6.20,,,,https://in-staramen.com/wp-content/uploads/2024/09/Milk-Birds-nest-porridge-BACK.png,,,id:21434,,,,,,3,,Flavour,"Milk Bird's Nest Porridge",,0
21440,variation,,"职场达人 Superfood - Stewed Pear With White Fungus",1,0,visible,,"This stewed pear with white fungus is a nourishing traditional Chinese dessert. Combining juicy Asian pears with gelatinous white fungus, it promotes skin hydration and supports lung health. Enhanced with rock sugar and goji berries, it provides a comforting, lightly sweet flavor perfect for all seasons",,,taxable,parent,1,,,0,0,,,,,0,,,6.20,,,,https://in-staramen.com/wp-content/uploads/2024/09/Stewed-pear-with-white-fungus.png,,,id:21434,,,,,,4,,Flavour,"Stewed Pear With White Fungus",,0
21490,simple,,"Rugo's Seaweed Snack",'-1,0,visible,,"Rugo Seaweed snacks offer a light, crispy, and savory treat made from premium roasted seaweed, seasoned with natural ingredients. Low-calorie and rich in iodine, they make a nutritious, guilt-free snack.",,,taxable,,1,,,0,0,,,,,1,,,,Chips/Nuts,,,,,,,,,,,,0,,,,,
21496,simple,136,"Rugo's Seaweed Snack",1,0,visible,"Rugo Seaweed snacks offer a light, crispy, and savory treat made from premium roasted seaweed, seasoned with natural ingredients.","Rugo Seaweed snacks offer a light, crispy, and savory treat made from premium roasted seaweed, seasoned with natural ingredients. Low-calorie and rich in iodine, they make a nutritious, guilt-free snack.",,,taxable,,1,100,,1,0,,,,,1,,2.5,3,"Chips/Nuts, Promotion",,,https://in-staramen.com/wp-content/uploads/2024/10/IMG-20240912-WA0001.jpg,,,,,,,,,0,,,,,
21525,variable,,"Soy Milk Pudding",1,0,visible,,,,,taxable,,1,,,0,0,,,,,0,,,,"Dessert/ Jelly",,,"https://in-staramen.com/wp-content/uploads/2024/09/Black-sesame-soy-milk-pudding-2.png, https://in-staramen.com/wp-content/uploads/2024/09/Black-sesame-soy-milk-pudding.png",,,,,,,,,0,,Flavour,"Black Sesame, Peeled White Sesame",1,0
21526,variation,,"Soy Milk Pudding - Black Sesame",1,0,visible,,,,,taxable,parent,1,,,0,0,,,,,0,,,5,,,,"https://in-staramen.com/wp-content/uploads/2024/09/Black-sesame-soy-milk-pudding-2.png, https://in-staramen.com/wp-content/uploads/2024/09/Black-sesame-soy-milk-pudding.png",,,id:21525,,,,,,1,,Flavour,"Black Sesame",,0
21527,variation,,"Soy Milk Pudding - Peeled White Sesame",1,0,visible,,,,,taxable,parent,1,,,0,0,,,,,0,,,5,,,,,,,id:21525,,,,,,2,,Flavour,"Peeled White Sesame",,0
